time_iso,latitude,longitude,timezone,elevation,temperature_2m_c,relative_humidity_2m_pct,apparent_temperature_c,precipitation_mm,weathercode_wmo,windspeed_10m_kmh
2025-12-23T00:00:00+00:00,43.641342,-79.34631,GMT,76.0,2.0,70,-3.9,0.0,3,23.0
2025-12-23T01:00:00+00:00,43.641342,-79.34631,GMT,76.0,2.5,80,-2.0,0.0,3,15.8
2025-12-23T02:00:00+00:00,43.641342,-79.34631,GMT,76.0,2.9,82,-1.8,0.0,3,17.4
2025-12-23T03:00:00+00:00,43.641342,-79.34631,GMT,76.0,2.6,85,-0.9,0.2,51,9.7
2025-12-23T04:00:00+00:00,43.641342,-79.34631,GMT,76.0,2.2,91,-1.1,0.3,51,9.2
2025-12-23T05:00:00+00:00,43.641342,-79.34631,GMT,76.0,1.9,94,-1.4,1.0,55,9.7
2025-12-23T06:00:00+00:00,43.641342,-79.34631,GMT,76.0,1.8,96,-0.9,1.2,55,5.4
2025-12-23T07:00:00+00:00,43.641342,-79.34631,GMT,76.0,1.1,98,-1.7,1.5,73,5.6
2025-12-23T08:00:00+00:00,43.641342,-79.34631,GMT,76.0,0.8,98,-2.0,1.6,73,5.2
2025-12-23T09:00:00+00:00,43.641342,-79.34631,GMT,76.0,0.7,97,-2.5,1.6,73,7.6
2025-12-23T10:00:00+00:00,43.641342,-79.34631,GMT,76.0,0.6,99,-3.0,1.7,73,11.0
2025-12-23T11:00:00+00:00,43.641342,-79.34631,GMT,76.0,0.8,96,-2.9,0.9,73,11.3
2025-12-23T12:00:00+00:00,43.641342,-79.34631,GMT,76.0,1.4,96,-2.5,0.5,53,13.5
2025-12-23T13:00:00+00:00,43.641342,-79.34631,GMT,76.0,1.4,96,-2.6,0.2,51,13.6
2025-12-23T14:00:00+00:00,43.641342,-79.34631,GMT,76.0,1.7,93,-1.5,0.0,3,8.3
2025-12-23T15:00:00+00:00,43.641342,-79.34631,GMT,76.0,2.1,95,-0.8,0.0,3,7.4
2025-12-23T16:00:00+00:00,43.641342,-79.34631,GMT,76.0,2.4,95,-1.3,0.0,3,13.0
2025-12-23T17:00:00+00:00,43.641342,-79.34631,GMT,76.0,2.8,95,-0.5,0.0,3,10.8
2025-12-23T18:00:00+00:00,43.641342,-79.34631,GMT,76.0,3.0,96,-0.1,0.0,3,9.9
2025-12-23T19:00:00+00:00,43.641342,-79.34631,GMT,76.0,3.0,96,-0.4,0.0,3,12.1
2025-12-23T20:00:00+00:00,43.641342,-79.34631,GMT,76.0,2.7,95,-0.8,0.0,3,12.1
2025-12-23T21:00:00+00:00,43.641342,-79.34631,GMT,76.0,3.1,91,-0.9,0.0,3,14.7
2025-12-23T22:00:00+00:00,43.641342,-79.34631,GMT,76.0,3.2,90,-1.1,0.0,3,17.2
2025-12-23T23:00:00+00:00,43.641342,-79.34631,GMT,76.0,3.4,90,-1.0,0.0,3,17.9
2025-12-24T00:00:00+00:00,43.641342,-79.34631,GMT,76.0,3.5,90,-0.4,0.0,3,15.1
2025-12-24T01:00:00+00:00,43.641342,-79.34631,GMT,76.0,3.6,88,-0.6,0.0,3,16.4
2025-12-24T02:00:00+00:00,43.641342,-79.34631,GMT,76.0,3.4,84,-0.5,0.0,3,13.0
2025-12-24T03:00:00+00:00,43.641342,-79.34631,GMT,76.0,2.9,84,-1.2,0.0,3,13.7
2025-12-24T04:00:00+00:00,43.641342,-79.34631,GMT,76.0,2.7,82,-1.7,0.0,3,16.1
2025-12-24T05:00:00+00:00,43.641342,-79.34631,GMT,76.0,2.4,80,-2.9,0.0,3,21.1
2025-12-24T06:00:00+00:00,43.641342,-79.34631,GMT,76.0,1.5,79,-4.3,0.0,1,23.8
2025-12-24T07:00:00+00:00,43.641342,-79.34631,GMT,76.0,0.3,77,-5.9,0.0,2,25.1
2025-12-24T08:00:00+00:00,43.641342,-79.34631,GMT,76.0,0.4,78,-5.9,0.0,0,25.6
2025-12-24T09:00:00+00:00,43.641342,-79.34631,GMT,76.0,0.4,79,-5.2,0.0,1,20.9
2025-12-24T10:00:00+00:00,43.641342,-79.34631,GMT,76.0,-0.3,78,-6.2,0.0,0,22.7
2025-12-24T11:00:00+00:00,43.641342,-79.34631,GMT,76.0,-0.7,76,-5.9,0.0,0,17.1
2025-12-24T12:00:00+00:00,43.641342,-79.34631,GMT,76.0,-1.4,75,-7.0,0.0,0,19.6
2025-12-24T13:00:00+00:00,43.641342,-79.34631,GMT,76.0,-2.0,74,-7.4,0.0,0,16.9
2025-12-24T14:00:00+00:00,43.641342,-79.34631,GMT,76.0,-2.8,74,-8.2,0.0,2,16.7
2025-12-24T15:00:00+00:00,43.641342,-79.34631,GMT,76.0,-3.0,73,-8.0,0.0,3,14.2
2025-12-24T16:00:00+00:00,43.641342,-79.34631,GMT,76.0,-2.8,73,-7.7,0.0,0,12.7
2025-12-24T17:00:00+00:00,43.641342,-79.34631,GMT,76.0,-2.3,74,-6.7,0.0,1,9.8
2025-12-24T18:00:00+00:00,43.641342,-79.34631,GMT,76.0,-1.7,74,-5.6,0.0,1,7.2
2025-12-24T19:00:00+00:00,43.641342,-79.34631,GMT,76.0,-1.1,75,-4.6,0.0,3,5.6
2025-12-24T20:00:00+00:00,43.641342,-79.34631,GMT,76.0,-0.9,79,-4.4,0.0,2,5.4
2025-12-24T21:00:00+00:00,43.641342,-79.34631,GMT,76.0,-1.2,83,-5.0,0.0,3,8.0
2025-12-24T22:00:00+00:00,43.641342,-79.34631,GMT,76.0,-1.0,84,-4.4,0.0,3,6.1
2025-12-24T23:00:00+00:00,43.641342,-79.34631,GMT,76.0,-0.6,84,-4.3,0.0,3,8.2
2025-12-25T00:00:00+00:00,43.641342,-79.34631,GMT,76.0,-0.4,84,-4.3,0.0,3,9.8
2025-12-25T01:00:00+00:00,43.641342,-79.34631,GMT,76.0,-0.1,83,-4.5,0.0,3,13.7
2025-12-25T02:00:00+00:00,43.641342,-79.34631,GMT,76.0,-0.0,87,-4.8,0.0,3,16.3
2025-12-25T03:00:00+00:00,43.641342,-79.34631,GMT,76.0,0.1,82,-4.8,0.0,3,16.5
2025-12-25T04:00:00+00:00,43.641342,-79.34631,GMT,76.0,0.1,80,-5.1,0.0,3,18.5
2025-12-25T05:00:00+00:00,43.641342,-79.34631,GMT,76.0,0.1,81,-4.8,0.0,3,17.0
2025-12-25T06:00:00+00:00,43.641342,-79.34631,GMT,76.0,0.3,81,-4.8,0.0,3,18.0
2025-12-25T07:00:00+00:00,43.641342,-79.34631,GMT,76.0,0.5,84,-4.0,0.0,3,14.5
2025-12-25T08:00:00+00:00,43.641342,-79.34631,GMT,76.0,0.7,88,-3.1,0.0,3,10.4
2025-12-25T09:00:00+00:00,43.641342,-79.34631,GMT,76.0,0.3,89,-3.1,0.0,3,7.1
2025-12-25T10:00:00+00:00,43.641342,-79.34631,GMT,76.0,0.5,85,-3.4,0.0,3,10.3
2025-12-25T11:00:00+00:00,43.641342,-79.34631,GMT,76.0,0.2,84,-3.2,0.0,3,7.3
2025-12-25T12:00:00+00:00,43.641342,-79.34631,GMT,76.0,-0.1,86,-4.0,0.0,3,9.8
2025-12-25T13:00:00+00:00,43.641342,-79.34631,GMT,76.0,-0.5,86,-4.6,0.0,1,11.1
2025-12-25T14:00:00+00:00,43.641342,-79.34631,GMT,76.0,-0.1,82,-4.1,0.0,3,10.5
2025-12-25T15:00:00+00:00,43.641342,-79.34631,GMT,76.0,1.7,76,-3.1,0.0,2,16.0
2025-12-25T16:00:00+00:00,43.641342,-79.34631,GMT,76.0,1.9,75,-3.2,0.0,3,18.8
2025-12-25T17:00:00+00:00,43.641342,-79.34631,GMT,76.0,1.4,70,-4.2,0.0,3,20.4
2025-12-25T18:00:00+00:00,43.641342,-79.34631,GMT,76.0,0.6,68,-5.0,0.0,3,20.3
2025-12-25T19:00:00+00:00,43.641342,-79.34631,GMT,76.0,-0.3,66,-6.2,0.0,3,21.0
2025-12-25T20:00:00+00:00,43.641342,-79.34631,GMT,76.0,-1.0,63,-7.0,0.0,3,20.5
2025-12-25T21:00:00+00:00,43.641342,-79.34631,GMT,76.0,-2.0,63,-8.0,0.0,1,20.3
2025-12-25T22:00:00+00:00,43.641342,-79.34631,GMT,76.0,-2.9,62,-8.9,0.0,1,19.1
2025-12-25T23:00:00+00:00,43.641342,-79.34631,GMT,76.0,-3.4,60,-9.5,0.0,2,19.2
2025-12-26T00:00:00+00:00,43.641342,-79.34631,GMT,76.0,-3.9,57,-10.0,0.0,3,19.3
2025-12-26T01:00:00+00:00,43.641342,-79.34631,GMT,76.0,-4.7,54,-10.9,0.0,3,19.0
2025-12-26T02:00:00+00:00,43.641342,-79.34631,GMT,76.0,-5.3,51,-11.6,0.0,1,18.8
2025-12-26T03:00:00+00:00,43.641342,-79.34631,GMT,76.0,-5.7,50,-11.9,0.0,3,18.1
2025-12-26T04:00:00+00:00,43.641342,-79.34631,GMT,76.0,-6.1,51,-12.0,0.0,3,16.2
2025-12-26T05:00:00+00:00,43.641342,-79.34631,GMT,76.0,-6.2,51,-12.0,0.0,3,15.3
2025-12-26T06:00:00+00:00,43.641342,-79.34631,GMT,76.0,-6.1,53,-11.8,0.0,3,15.0
2025-12-26T07:00:00+00:00,43.641342,-79.34631,GMT,76.0,-5.8,55,-11.8,0.0,3,17.4
2025-12-26T08:00:00+00:00,43.641342,-79.34631,GMT,76.0,-5.4,58,-11.3,0.0,3,16.9
2025-12-26T09:00:00+00:00,43.641342,-79.34631,GMT,76.0,-4.7,59,-10.9,0.0,3,19.6
2025-12-26T10:00:00+00:00,43.641342,-79.34631,GMT,76.0,-4.4,60,-11.0,0.0,3,22.5
2025-12-26T11:00:00+00:00,43.641342,-79.34631,GMT,76.0,-4.4,62,-11.2,0.0,3,24.5
2025-12-26T12:00:00+00:00,43.641342,-79.34631,GMT,76.0,-4.3,65,-11.2,0.0,3,25.7
2025-12-26T13:00:00+00:00,43.641342,-79.34631,GMT,76.0,-4.1,70,-11.6,0.1,51,30.4
2025-12-26T14:00:00+00:00,43.641342,-79.34631,GMT,76.0,-3.7,74,-11.2,0.2,71,31.1
2025-12-26T15:00:00+00:00,43.641342,-79.34631,GMT,76.0,-3.6,78,-11.6,0.3,71,34.5
2025-12-26T16:00:00+00:00,43.641342,-79.34631,GMT,76.0,-3.5,81,-11.8,0.3,71,36.6
2025-12-26T17:00:00+00:00,43.641342,-79.34631,GMT,76.0,-3.6,81,-11.9,0.4,73,36.9
2025-12-26T18:00:00+00:00,43.641342,-79.34631,GMT,76.0,-3.7,81,-11.8,0.3,71,35.8
2025-12-26T19:00:00+00:00,43.641342,-79.34631,GMT,76.0,-3.7,83,-12.7,0.7,73,41.8
2025-12-26T20:00:00+00:00,43.641342,-79.34631,GMT,76.0,-2.8,70,-11.7,0.6,73,40.7
2025-12-26T21:00:00+00:00,43.641342,-79.34631,GMT,76.0,-2.3,64,-10.9,0.7,73,37.9
2025-12-26T22:00:00+00:00,43.641342,-79.34631,GMT,76.0,-2.3,65,-11.1,0.4,73,39.4
2025-12-26T23:00:00+00:00,43.641342,-79.34631,GMT,76.0,-3.0,92,-11.5,0.5,73,39.6
2025-12-27T00:00:00+00:00,43.641342,-79.34631,GMT,76.0,-2.1,94,-9.6,0.8,73,34.0
2025-12-27T01:00:00+00:00,43.641342,-79.34631,GMT,76.0,-1.8,94,-9.1,0.7,73,32.7
2025-12-27T02:00:00+00:00,43.641342,-79.34631,GMT,76.0,-1.8,91,-8.8,0.3,71,30.7
2025-12-27T03:00:00+00:00,43.641342,-79.34631,GMT,76.0,-1.8,90,-8.0,0.1,71,25.0
2025-12-27T04:00:00+00:00,43.641342,-79.34631,GMT,76.0,-1.8,92,-8.0,0.2,71,24.9
2025-12-27T05:00:00+00:00,43.641342,-79.34631,GMT,76.0,-1.6,87,-7.4,0.1,51,21.7
2025-12-27T06:00:00+00:00,43.641342,-79.34631,GMT,76.0,-1.3,84,-7.1,0.0,3,21.4
2025-12-27T07:00:00+00:00,43.641342,-79.34631,GMT,76.0,-1.7,88,-7.4,0.1,51,21.1
2025-12-27T08:00:00+00:00,43.641342,-79.34631,GMT,76.0,-3.3,93,-9.1,0.2,71,21.4
2025-12-27T09:00:00+00:00,43.641342,-79.34631,GMT,76.0,-2.7,91,-8.3,0.1,71,19.8
2025-12-27T10:00:00+00:00,43.641342,-79.34631,GMT,76.0,-1.9,90,-7.3,0.1,51,19.2
2025-12-27T11:00:00+00:00,43.641342,-79.34631,GMT,76.0,-2.3,89,-7.3,0.0,3,16.6
2025-12-27T12:00:00+00:00,43.641342,-79.34631,GMT,76.0,-1.7,88,-6.7,0.0,3,16.9
2025-12-27T13:00:00+00:00,43.641342,-79.34631,GMT,76.0,-0.6,86,-6.0,0.0,3,20.2
2025-12-27T14:00:00+00:00,43.641342,-79.34631,GMT,76.0,-0.2,85,-5.6,0.0,3,20.1
2025-12-27T15:00:00+00:00,43.641342,-79.34631,GMT,76.0,0.1,84,-5.3,0.0,3,20.5
2025-12-27T16:00:00+00:00,43.641342,-79.34631,GMT,76.0,0.3,85,-5.2,0.0,3,21.6
2025-12-27T17:00:00+00:00,43.641342,-79.34631,GMT,76.0,0.5,85,-4.8,0.0,3,20.2
2025-12-27T18:00:00+00:00,43.641342,-79.34631,GMT,76.0,0.7,85,-4.4,0.0,3,19.1
2025-12-27T19:00:00+00:00,43.641342,-79.34631,GMT,76.0,0.7,85,-4.5,0.0,3,20.2
2025-12-27T20:00:00+00:00,43.641342,-79.34631,GMT,76.0,0.9,86,-4.4,0.0,3,20.5
2025-12-27T21:00:00+00:00,43.641342,-79.34631,GMT,76.0,1.0,86,-4.2,0.0,3,20.2
2025-12-27T22:00:00+00:00,43.641342,-79.34631,GMT,76.0,1.2,87,-3.9,0.0,3,19.5
2025-12-27T23:00:00+00:00,43.641342,-79.34631,GMT,76.0,1.4,88,-3.5,0.0,3,18.9
2025-12-28T00:00:00+00:00,43.641342,-79.34631,GMT,76.0,1.6,89,-3.2,0.0,3,18.4
2025-12-28T01:00:00+00:00,43.641342,-79.34631,GMT,76.0,1.7,90,-3.0,0.0,3,17.6
2025-12-28T02:00:00+00:00,43.641342,-79.34631,GMT,76.0,1.8,91,-2.9,0.0,3,18.3
2025-12-28T03:00:00+00:00,43.641342,-79.34631,GMT,76.0,1.8,92,-2.5,0.0,3,15.8
2025-12-28T04:00:00+00:00,43.641342,-79.34631,GMT,76.0,1.8,92,-2.2,0.0,3,14.0
2025-12-28T05:00:00+00:00,43.641342,-79.34631,GMT,76.0,1.6,93,-1.8,0.0,3,9.9
2025-12-28T06:00:00+00:00,43.641342,-79.34631,GMT,76.0,1.7,93,-1.6,0.0,3,9.4
2025-12-28T07:00:00+00:00,43.641342,-79.34631,GMT,76.0,1.7,93,-1.7,0.0,3,9.6
2025-12-28T08:00:00+00:00,43.641342,-79.34631,GMT,76.0,1.8,93,-1.8,0.0,3,10.8
2025-12-28T09:00:00+00:00,43.641342,-79.34631,GMT,76.0,1.9,93,-1.8,0.0,3,11.9
2025-12-28T10:00:00+00:00,43.641342,-79.34631,GMT,76.0,2.1,94,-1.4,0.2,51,11.1
2025-12-28T11:00:00+00:00,43.641342,-79.34631,GMT,76.0,2.4,96,-0.8,0.2,51,9.8
2025-12-28T12:00:00+00:00,43.641342,-79.34631,GMT,76.0,2.5,98,-0.3,0.2,51,7.3
2025-12-28T13:00:00+00:00,43.641342,-79.34631,GMT,76.0,2.2,99,0.0,0.1,51,3.1
2025-12-28T14:00:00+00:00,43.641342,-79.34631,GMT,76.0,1.7,99,-0.4,0.1,51,2.1
2025-12-28T15:00:00+00:00,43.641342,-79.34631,GMT,76.0,1.5,99,-1.4,0.1,51,7.0
2025-12-28T16:00:00+00:00,43.641342,-79.34631,GMT,76.0,1.9,100,-1.6,0.0,45,11.3
2025-12-28T17:00:00+00:00,43.641342,-79.34631,GMT,76.0,2.5,100,-1.4,0.0,45,15.1
2025-12-28T18:00:00+00:00,43.641342,-79.34631,GMT,76.0,3.0,98,-1.4,0.0,45,18.6
2025-12-28T19:00:00+00:00,43.641342,-79.34631,GMT,76.0,3.2,92,-1.6,0.0,3,20.6
2025-12-28T20:00:00+00:00,43.641342,-79.34631,GMT,76.0,3.2,83,-2.0,0.0,3,22.0
2025-12-28T21:00:00+00:00,43.641342,-79.34631,GMT,76.0,2.7,76,-3.0,0.0,3,23.9
2025-12-28T22:00:00+00:00,43.641342,-79.34631,GMT,76.0,1.5,72,-4.9,0.0,3,26.5
2025-12-28T23:00:00+00:00,43.641342,-79.34631,GMT,76.0,-0.1,69,-7.2,0.0,3,29.4
2025-12-29T00:00:00+00:00,43.641342,-79.34631,GMT,76.0,-1.7,68,-9.2,0.0,2,31.6
2025-12-29T01:00:00+00:00,43.641342,-79.34631,GMT,76.0,-3.0,69,-11.0,0.0,2,33.8
2025-12-29T02:00:00+00:00,43.641342,-79.34631,GMT,76.0,-4.2,71,-12.5,0.0,2,35.3
2025-12-29T03:00:00+00:00,43.641342,-79.34631,GMT,76.0,-5.1,74,-13.5,0.0,45,35.6
2025-12-29T04:00:00+00:00,43.641342,-79.34631,GMT,76.0,-5.5,77,-13.4,0.1,71,32.9
2025-12-29T05:00:00+00:00,43.641342,-79.34631,GMT,76.0,-5.5,80,-12.9,0.1,71,29.2
2025-12-29T06:00:00+00:00,43.641342,-79.34631,GMT,76.0,-5.6,82,-12.6,0.1,71,27.0
2025-12-29T07:00:00+00:00,43.641342,-79.34631,GMT,76.0,-6.0,82,-13.2,0.0,3,28.1
2025-12-29T08:00:00+00:00,43.641342,-79.34631,GMT,76.0,-6.5,81,-14.2,0.0,3,31.3
2025-12-29T09:00:00+00:00,43.641342,-79.34631,GMT,76.0,-6.8,79,-15.0,0.0,45,34.1
2025-12-29T10:00:00+00:00,43.641342,-79.34631,GMT,76.0,-6.7,75,-15.0,0.1,51,34.2
2025-12-29T11:00:00+00:00,43.641342,-79.34631,GMT,76.0,-6.5,71,-14.6,0.1,51,33.0
2025-12-29T12:00:00+00:00,43.641342,-79.34631,GMT,76.0,-6.3,67,-14.4,0.1,51,32.6
2025-12-29T13:00:00+00:00,43.641342,-79.34631,GMT,76.0,-6.0,66,-14.3,0.0,3,34.0
2025-12-29T14:00:00+00:00,43.641342,-79.34631,GMT,76.0,-5.6,66,-14.2,0.0,3,36.1
2025-12-29T15:00:00+00:00,43.641342,-79.34631,GMT,76.0,-5.4,66,-14.0,0.0,3,36.0
2025-12-29T16:00:00+00:00,43.641342,-79.34631,GMT,76.0,-5.5,66,-13.6,0.1,51,32.6
2025-12-29T17:00:00+00:00,43.641342,-79.34631,GMT,76.0,-5.7,66,-13.3,0.1,51,29.0
2025-12-29T18:00:00+00:00,43.641342,-79.34631,GMT,76.0,-5.9,66,-13.3,0.1,51,28.1
2025-12-29T19:00:00+00:00,43.641342,-79.34631,GMT,76.0,-6.1,66,-13.5,0.0,3,28.1
2025-12-29T20:00:00+00:00,43.641342,-79.34631,GMT,76.0,-6.2,66,-13.6,0.0,3,28.1
2025-12-29T21:00:00+00:00,43.641342,-79.34631,GMT,76.0,-6.2,67,-13.6,0.0,3,28.4
2025-12-29T22:00:00+00:00,43.641342,-79.34631,GMT,76.0,-6.0,68,-13.5,0.0,3,28.4
2025-12-29T23:00:00+00:00,43.641342,-79.34631,GMT,76.0,-5.8,69,-13.2,0.0,3,28.1
